{
    "rmse": 0.8774238411397455,
    "mae": 0.6717373596108023,
    "r2": 0.23080153437881978
}