{
    "rmse": 0.8866849475141861,
    "mae": 0.6820628726369058,
    "r2": 0.21447824108926505
}