{
    "rmse": 0.87784355808518,
    "mae": 0.6724184471971429,
    "r2": 0.23006546400526395
}